  CREATE TABLE Dept
   (    DEPTNO NUMERIC(2,0),
        DNAME VARCHAR(14),
        LOC VARCHAR(13),
         CONSTRAINT DEPT_PKEY PRIMARY KEY (DEPTNO)
   );

  CREATE TABLE Emp
   (    EMPNO NUMERIC(4,0),
        ENAME VARCHAR(10),
        JOB VARCHAR(9),
        MGR NUMERIC(4,0),
        HIREDATE DATE,
        SAL NUMERIC(7,2),
        COMM NUMERIC(7,2),
        DEPTNO NUMERIC(2,0),
        CONSTRAINT EMP_PKEY PRIMARY KEY (EMPNO)
   ); 

   CREATE TABLE Pro
   (    PRONO NUMERIC(4,0),
        PNAME VARCHAR(10),
        LOC VARCHAR(13),
        DEPTNO NUMERIC(2,0),
        CONSTRAINT PRO_PKEY PRIMARY KEY (PRONO)
   ); 		 

  CREATE TABLE Emppro
   (    EMPNO NUMERIC(4,0),
        PRONO NUMERIC(4,0),
        HOURS NUMERIC(2,0),
		CONSTRAINT EMPPRO_PKEY PRIMARY KEY (EMPNO,PRONO)
   ); 

INSERT INTO Dept (deptno, dname, loc) VALUES (10, 'ACCOUNTING', 'NEW YORK');
INSERT INTO Dept (deptno, dname, loc) VALUES (20, 'RESEARCH', 'DALLAS');
INSERT INTO Dept (deptno, dname, loc) VALUES (30, 'SALES', 'CHICAGO');
INSERT INTO Dept (deptno, dname, loc) VALUES (40, 'OPERATIONS', 'BOSTON');


INSERT INTO Emp VALUES (7369,'SMITH','CLERK',7902, STR_TO_DATE('17-12-1980','%d-%m-%Y'),800,NULL,20);
INSERT INTO Emp VALUES (7499,'ALLEN','SALESMAN',7698, STR_TO_DATE('20-2-1981','%d-%m-%Y'),1600,300,30);
INSERT INTO Emp VALUES (7521,'WARD','SALESMAN',7698, STR_TO_DATE('22-2-1981','%d-%m-%Y'),1250,500,30);
INSERT INTO Emp VALUES (7566,'JONES','MANAGER',7839, STR_TO_DATE('2-4-1981','%d-%m-%Y'),2975,NULL,20);
INSERT INTO Emp VALUES (7654,'MARTIN','SALESMAN',7698, STR_TO_DATE('28-9-1981','%d-%m-%Y'),1250,1400,30);
INSERT INTO Emp VALUES (7698,'BLAKE','MANAGER',7839, STR_TO_DATE('1-5-1981','%d-%m-%Y'),2850,NULL,30);
INSERT INTO Emp VALUES (7782,'CLARK','MANAGER',7839, STR_TO_DATE('9-6-1981','%d-%m-%Y'),2450,NULL,10);
INSERT INTO Emp VALUES (7788,'SCOTT','ANALYST',7566, STR_TO_DATE('19-4-1987','%d-%m-%Y'),3000,NULL,20);
INSERT INTO Emp VALUES (7839,'KING','PRESIDENT',NULL, STR_TO_DATE('17-11-1981','%d-%m-%Y'),5000,NULL,10);
INSERT INTO Emp VALUES (7844,'TURNER','SALESMAN',7698, STR_TO_DATE('8-9-1981','%d-%m-%Y'),1500,0,30);
INSERT INTO Emp VALUES (7876,'ADAMS','CLERK',7788, STR_TO_DATE('23-5-1987', '%d-%m-%Y'),1100,NULL,20);
INSERT INTO Emp VALUES (7900,'JAMES','CLERK',7698, STR_TO_DATE('3-12-1981','%d-%m-%Y'),950,NULL,30);
INSERT INTO Emp VALUES (7902,'FORD','ANALYST',7566, STR_TO_DATE('3-12-1981','%d-%m-%Y'),3000,NULL,20);
INSERT INTO Emp VALUES (7934,'MILLER','CLERK',7782, STR_TO_DATE('23-1-1982','%d-%m-%Y'),1300,NULL,10);

insert into Pro values (1001, 'P1', 'BOSTON',            20);
insert into Pro values (1004, 'P4', 'CHICAGO',           30);
insert into Pro values (1005, 'P5', 'CHICAGO',           30);
insert into Pro values (1006, 'P6', 'LOS ANGELES',       30);
insert into Pro values (1008, 'P8', 'NEW YORK',          30);


 insert into Emppro values (7499, 1004, 15);
 insert into Emppro values (7499, 1005, 12);
 insert into Emppro values (7521, 1004, 10);
 insert into Emppro values (7521, 1008,  8);
 insert into Emppro values (7654, 1001, 16);
 insert into Emppro values (7654, 1006, 15);
 insert into Emppro values (7654, 1008,  5);
 insert into Emppro values (7844, 1005,  6);
 insert into Emppro values (7934, 1001,  4);

ALTER TABLE Dept ADD CONSTRAINT DEPT_DNAME_UNIQUE UNIQUE (DNAME);

ALTER TABLE Emp ADD CONSTRAINT EMP_DEPTNO_FKEY FOREIGN KEY (DEPTNO) REFERENCES Dept (DEPTNO);
ALTER TABLE Emp ADD CONSTRAINT EMP_MGR_FKEY FOREIGN KEY (MGR) REFERENCES Emp (EMPNO);

ALTER TABLE Pro ADD CONSTRAINT PRO_DEPTNO_FKEY FOREIGN KEY (DEPTNO) REFERENCES Dept(DEPTNO);

ALTER TABLE Emppro ADD CONSTRAINT EMPPRO_PRONO_FKEY FOREIGN KEY (PRONO) REFERENCES Pro(PRONO);
ALTER TABLE Emppro ADD CONSTRAINT EMPPRO_EMPNO_FKEY FOREIGN KEY (EMPNO) REFERENCES Emp(EMPNO);
